UF,pib_mil_reais,pib_bilhoes
AC,21374442.0,21.37
AM,131531039.0,131.53
AP,20099850.0,20.1
MA,124980727.0,124.98
MT,233390206.0,233.39
PA,262904976.0,262.9
RO,58170098.0,58.17
RR,18202580.0,18.2
TO,51780763.0,51.78
